Workbook

Sheet Легенда
A1: 3D-Print — номенклатура, собівартість, РРЦ, продажі, наявність
A2: v1 · чорновий робочий файл · 2026-07-28 · пов'язана задача 3D-P-001
A4: Що це за файл
A5: Робочий облік нового напрямку — 3D-друковані фігурки та аксесури для ККГ, які друкує партнер («Друг»). Окремий файл, поки НЕ підключений до основної CRM/дашборду Booster Shop. Синхронізація з CRM — окрема майбутня фаза (задача 3D-P-005), не робити вручну формулами-посиланнями на зовнішні файли.
A7: Два треки — рахуються по-різному
A8: 1) «Продаж на сайті» (вкладка Продажі) | B8: Друг друкує, товар йде в каталог Booster Shop; Друг отримує % від ціни продажу. Собівартість = лише матеріал.
A9: 2) «Маркетингова плюшка» (вкладка Маркетингові_плюшки) | B9: Власник купує готовий виріб у Друга за мінімальною націнкою і додає безкоштовно у великі замовлення. Витрата = закупівельна ціна, товар не продається окремо.
A11: Хто що заповнює
A12: Друг | B12: Номенклатура: колонки G–L (час друку, матеріал, витрата, ціна матеріалу/кг, дата, примітки). Друк-лог: усі колонки (кожен друк — окремий рядок).
A13: Власник | B13: Номенклатура: колонки A–F (SKU, назва, франшиза, тип, трек, статус). Продажі. Маркетингові_плюшки. Аналітика: сценарії РРЦ та % Другу.
A14: Обидва (за домовленістю) | B14: Можна заповнювати Друк-лог і Продажі спільно — головне не редагувати одну клітинку одночасно.
A15: Ніхто вручну | B15: Наявність — рахується автоматично формулами з інших вкладок. Не вводити туди числа руками.
A17: Колірний код
A18: Синій текст | B18: Клітинка для ручного вводу
A19: Чорний текст | B19: Формула — не змінювати вручну
A20: Жовта заливка | B20: Ключове припущення / потрібне рішення власника
A21: Сірий курсив | B21: Приклад / референс-рядок — замінити реальними даними
A23: Відомі відкриті питання (станом на 2026-07-28)
A24: • Остаточний % Другу за трек «Продаж на сайті» — попередньо погоджено, не зафіксовано.
A25: • Закупівельна ціна за трек «Маркетингова плюшка» — «мінімальна націнка», конкретна сума не визначена.
A26: • Поріг суми замовлення, з якого йде безкоштовна плюшка — не визначено (вкладка Аналітика, жовта клітинка).
A27: • РРЦ-сценарії на вкладці Аналітика — orientovні; знайдено лише 1 перевірений ринковий приклад (див. Аналітика, розділ «Ринкові орієнтири»). Потрібне окреме дослідження (задача 3D-P-003) перед фінальним рішенням.
A28: • Категорія каталогу для фігурок ще не створена в OpenCart — рішення власника, див. план 3D-P-002.

Sheet Номенклатура
A1: SKU | B1: Назва виробу | C1: Франшиза | D1: Тип | E1: Трек | F1: Статус | G1: Час друку, год | H1: Матеріал (пластик) | I1: Витрата матеріалу, г | J1: Ціна матеріалу, грн/кг | K1: Собівартість матеріалу, грн | L1: Дата оновлення | M1: Примітки
A2: ПРИКЛАД-001 | B2: Приклад розрахунку (ілюстративні цифри) | C2: — | D2: Фігурка | E2: Продаж на сайті | F2: ПРИКЛАД — видалити | G2: 4 | H2: PLA | I2: 120 | J2: 700 | K2: =I2*J2/1000 -> 84 | L2: 2026-07-28 | M2: Ілюстративні цифри лише для перевірки формул. Замініть/видаліть перед використанням.
A3: (призначити SKU) | B3: Фігурка Пікачу (сидить, стиль манги) | C3: Pokémon | D3: Фігурка | F3: Референс із фото власника — ще не надруковано Другом | K3: =IF(I3="","",I3*J3/1000) | M3: Товар з референс-фото у чаті 2026-07-28, конкретні товари узгоджуються з Другом окремо
A4: (призначити SKU) | B4: Фігурка Генгар | C4: Pokémon | D4: Фігурка | F4: Референс із фото власника — ще не надруковано Другом | K4: =IF(I4="","",I4*J4/1000) | M4: Товар з референс-фото у чаті 2026-07-28, конкретні товари узгоджуються з Другом окремо
A5: (призначити SKU) | B5: Кейс-покебол «Мяу» (Mew) з хвостом | C5: Pokémon | D5: Функціональний аксесуар | F5: Референс із фото власника — ще не надруковано Другом | K5: =IF(I5="","",I5*J5/1000) | M5: Товар з референс-фото у чаті 2026-07-28, конкретні товари узгоджуються з Другом окремо
A6: (призначити SKU) | B6: Підставка-олівниця «Дітто» (Ditto) | C6: Pokémon | D6: Функціональний аксесуар | F6: Референс із фото власника — ще не надруковано Другом | K6: =IF(I6="","",I6*J6/1000) | M6: Товар з референс-фото у чаті 2026-07-28, конкретні товари узгоджуються з Другом окремо
A7: (призначити SKU) | B7: Дек-бокс «Покебол» (набір кольорів) | C7: Pokémon | D7: Функціональний аксесуар | F7: Референс із фото власника — ще не надруковано Другом | K7: =IF(I7="","",I7*J7/1000) | M7: Товар з референс-фото у чаті 2026-07-28, конкретні товари узгоджуються з Другом окремо
A8: (призначити SKU) | B8: Брелок/фігурка «Онікс» (Onix) | C8: Pokémon | D8: Фігурка | F8: Референс із фото власника — ще не надруковано Другом | K8: =IF(I8="","",I8*J8/1000) | M8: Товар з референс-фото у чаті 2026-07-28, конкретні товари узгоджуються з Другом окремо
A9: (призначити SKU) | B9: Фігурка Пікачу «крізь стіну» (декор) | C9: Pokémon | D9: Фігурка | F9: Референс із фото власника — ще не надруковано Другом | K9: =IF(I9="","",I9*J9/1000) | M9: Товар з референс-фото у чаті 2026-07-28, конкретні товари узгоджуються з Другом окремо
K10: =IF(I10="","",I10*J10/1000)
K11: =IF(I11="","",I11*J11/1000)
K12: =IF(I12="","",I12*J12/1000)
K13: =IF(I13="","",I13*J13/1000)
K14: =IF(I14="","",I14*J14/1000)
K15: =IF(I15="","",I15*J15/1000)

Sheet Друк-лог
A1: Дата | B1: SKU | C1: Надруковано, шт | D1: Час друку факт, год | E1: Брак/відходи, шт | F1: Витрачено матеріалу, г (факт) | G1: Собівартість партії, грн | H1: Хто друкував | I1: Примітки
A2: 2026-07-20 | B2: ПРИКЛАД-001 | C2: 5 | D2: 22 | E2: 1 | F2: 600 | G2: =IF(B2="","",C2*IFERROR(INDEX(Номенклатура!$K:$K,MATCH(B2,Номенклатура!$A:$A,0)),0)) -> 420 | H2: Друг | I2: приклад — видалити
G3: =IF(B3="","",C3*IFERROR(INDEX(Номенклатура!$K:$K,MATCH(B3,Номенклатура!$A:$A,0)),0))
G4: =IF(B4="","",C4*IFERROR(INDEX(Номенклатура!$K:$K,MATCH(B4,Номенклатура!$A:$A,0)),0))
G5: =IF(B5="","",C5*IFERROR(INDEX(Номенклатура!$K:$K,MATCH(B5,Номенклатура!$A:$A,0)),0))
G6: =IF(B6="","",C6*IFERROR(INDEX(Номенклатура!$K:$K,MATCH(B6,Номенклатура!$A:$A,0)),0))
G7: =IF(B7="","",C7*IFERROR(INDEX(Номенклатура!$K:$K,MATCH(B7,Номенклатура!$A:$A,0)),0))
G8: =IF(B8="","",C8*IFERROR(INDEX(Номенклатура!$K:$K,MATCH(B8,Номенклатура!$A:$A,0)),0))
G9: =IF(B9="","",C9*IFERROR(INDEX(Номенклатура!$K:$K,MATCH(B9,Номенклатура!$A:$A,0)),0))
G10: =IF(B10="","",C10*IFERROR(INDEX(Номенклатура!$K:$K,MATCH(B10,Номенклатура!$A:$A,0)),0))
G11: =IF(B11="","",C11*IFERROR(INDEX(Номенклатура!$K:$K,MATCH(B11,Номенклатура!$A:$A,0)),0))
G12: =IF(B12="","",C12*IFERROR(INDEX(Номенклатура!$K:$K,MATCH(B12,Номенклатура!$A:$A,0)),0))
G13: =IF(B13="","",C13*IFERROR(INDEX(Номенклатура!$K:$K,MATCH(B13,Номенклатура!$A:$A,0)),0))
G14: =IF(B14="","",C14*IFERROR(INDEX(Номенклатура!$K:$K,MATCH(B14,Номенклатура!$A:$A,0)),0))
... G39: =IF(B39="","",C39*IFERROR(INDEX(Номенклатура!$K:$K,MATCH(B39,Номенклатура!$A:$A,0)),0))

Sheet Продажі
A1: Дата | B1: SKU | C1: Назва | D1: Кількість | E1: РРЦ за од., грн | F1: Собівартість матеріалу за од., грн | G1: % Другу | H1: Виплата Другу, грн | I1: Дохід Booster Shop, грн | J1: Канал | K1: № замовлення | L1: Примітки
A2: 2026-07-25 | B2: ПРИКЛАД-001 | C2: =IF(B2="","",IFERROR(INDEX(Номенклатура!$B:$B,MATCH(B2,Номенклатура!$A:$A,0)),"")) -> Приклад розрахунку (ілюстративні цифри) | D2: 1 | E2: 350 | F2: =IF(B2="","",IFERROR(INDEX(Номенклатура!$K:$K,MATCH(B2,Номенклатура!$A:$A,0)),0)) -> 84 | G2: 0.2 | H2: =IF(D2="","",D2*E2*G2) -> 70 | I2: =IF(D2="","",D2*E2-D2*F2-H2) -> 196 | J2: Сайт | K2: — | L2: приклад — видалити; % Другу і РРЦ тут довільні, не рішення власника
C3: =IF(B3="","",IFERROR(INDEX(Номенклатура!$B:$B,MATCH(B3,Номенклатура!$A:$A,0)),"")) | F3: =IF(B3="","",IFERROR(INDEX(Номенклатура!$K:$K,MATCH(B3,Номенклатура!$A:$A,0)),0)) | H3: =IF(D3="","",D3*E3*G3) | I3: =IF(D3="","",D3*E3-D3*F3-H3)
C4: =IF(B4="","",IFERROR(INDEX(Номенклатура!$B:$B,MATCH(B4,Номенклатура!$A:$A,0)),"")) | F4: =IF(B4="","",IFERROR(INDEX(Номенклатура!$K:$K,MATCH(B4,Номенклатура!$A:$A,0)),0)) | H4: =IF(D4="","",D4*E4*G4) | I4: =IF(D4="","",D4*E4-D4*F4-H4)
C5: =IF(B5="","",IFERROR(INDEX(Номенклатура!$B:$B,MATCH(B5,Номенклатура!$A:$A,0)),"")) | F5: =IF(B5="","",IFERROR(INDEX(Номенклатура!$K:$K,MATCH(B5,Номенклатура!$A:$A,0)),0)) | H5: =IF(D5="","",D5*E5*G5) | I5: =IF(D5="","",D5*E5-D5*F5-H5)
C6: =IF(B6="","",IFERROR(INDEX(Номенклатура!$B:$B,MATCH(B6,Номенклатура!$A:$A,0)),"")) | F6: =IF(B6="","",IFERROR(INDEX(Номенклатура!$K:$K,MATCH(B6,Номенклатура!$A:$A,0)),0)) | H6: =IF(D6="","",D6*E6*G6) | I6: =IF(D6="","",D6*E6-D6*F6-H6)
C7: =IF(B7="","",IFERROR(INDEX(Номенклатура!$B:$B,MATCH(B7,Номенклатура!$A:$A,0)),"")) | F7: =IF(B7="","",IFERROR(INDEX(Номенклатура!$K:$K,MATCH(B7,Номенклатура!$A:$A,0)),0)) | H7: =IF(D7="","",D7*E7*G7) | I7: =IF(D7="","",D7*E7-D7*F7-H7)
C8: =IF(B8="","",IFERROR(INDEX(Номенклатура!$B:$B,MATCH(B8,Номенклатура!$A:$A,0)),"")) | F8: =IF(B8="","",IFERROR(INDEX(Номенклатура!$K:$K,MATCH(B8,Номенклатура!$A:$A,0)),0)) | H8: =IF(D8="","",D8*E8*G8) | I8: =IF(D8="","",D8*E8-D8*F8-H8)
C9: =IF(B9="","",IFERROR(INDEX(Номенклатура!$B:$B,MATCH(B9,Номенклатура!$A:$A,0)),"")) | F9: =IF(B9="","",IFERROR(INDEX(Номенклатура!$K:$K,MATCH(B9,Номенклатура!$A:$A,0)),0)) | H9: =IF(D9="","",D9*E9*G9) | I9: =IF(D9="","",D9*E9-D9*F9-H9)
C10: =IF(B10="","",IFERROR(INDEX(Номенклатура!$B:$B,MATCH(B10,Номенклатура!$A:$A,0)),"")) | F10: =IF(B10="","",IFERROR(INDEX(Номенклатура!$K:$K,MATCH(B10,Номенклатура!$A:$A,0)),0)) | H10: =IF(D10="","",D10*E10*G10) | I10: =IF(D10="","",D10*E10-D10*F10-H10)
C11: =IF(B11="","",IFERROR(INDEX(Номенклатура!$B:$B,MATCH(B11,Номенклатура!$A:$A,0)),"")) | F11: =IF(B11="","",IFERROR(INDEX(Номенклатура!$K:$K,MATCH(B11,Номенклатура!$A:$A,0)),0)) | H11: =IF(D11="","",D11*E11*G11) | I11: =IF(D11="","",D11*E11-D11*F11-H11)
C12: =IF(B12="","",IFERROR(INDEX(Номенклатура!$B:$B,MATCH(B12,Номенклатура!$A:$A,0)),"")) | F12: =IF(B12="","",IFERROR(INDEX(Номенклатура!$K:$K,MATCH(B12,Номенклатура!$A:$A,0)),0)) | H12: =IF(D12="","",D12*E12*G12) | I12: =IF(D12="","",D12*E12-D12*F12-H12)
C13: =IF(B13="","",IFERROR(INDEX(Номенклатура!$B:$B,MATCH(B13,Номенклатура!$A:$A,0)),"")) | F13: =IF(B13="","",IFERROR(INDEX(Номенклатура!$K:$K,MATCH(B13,Номенклатура!$A:$A,0)),0)) | H13: =IF(D13="","",D13*E13*G13) | I13: =IF(D13="","",D13*E13-D13*F13-H13)
C14: =IF(B14="","",IFERROR(INDEX(Номенклатура!$B:$B,MATCH(B14,Номенклатура!$A:$A,0)),"")) | F14: =IF(B14="","",IFERROR(INDEX(Номенклатура!$K:$K,MATCH(B14,Номенклатура!$A:$A,0)),0)) | H14: =IF(D14="","",D14*E14*G14) | I14: =IF(D14="","",D14*E14-D14*F14-H14)
... C39: =IF(B39="","",IFERROR(INDEX(Номенклатура!$B:$B,MATCH(B39,Номенклатура!$A:$A,0)),"")) | F39: =IF(B39="","",IFERROR(INDEX(Номенклатура!$K:$K,MATCH(B39,Номенклатура!$A:$A,0)),0)) | H39: =IF(D39="","",D39*E39*G39) | I39: =IF(D39="","",D39*E39-D39*F39-H39)

Sheet Маркетингові_плюшки
A1: Дата | B1: SKU | C1: Закуплено в Друга, шт | D1: Ціна закупівлі за од., грн | E1: Сума закупівлі, грн | F1: Видано як бонус, шт | G1: До замовлення № | H1: Примітки
A2: Поріг замовлення для безкоштовної плюшки: | F2: ← ввести суму, рішення власника (задача 3D-P-004)
A3: 2026-07-26 | B3: ПРИКЛАД-001 | C3: 3 | D3: 60 | E3: =C3*D3 -> 180 | F3: 1 | G3: — | H3: приклад — видалити
E4: =IF(C4="","",C4*D4)
E5: =IF(C5="","",C5*D5)
E6: =IF(C6="","",C6*D6)
E7: =IF(C7="","",C7*D7)
E8: =IF(C8="","",C8*D8)
E9: =IF(C9="","",C9*D9)
E10: =IF(C10="","",C10*D10)
E11: =IF(C11="","",C11*D11)
E12: =IF(C12="","",C12*D12)
E13: =IF(C13="","",C13*D13)
E14: =IF(C14="","",C14*D14)
E15: =IF(C15="","",C15*D15)
... E39: =IF(C39="","",C39*D39)

Sheet Наявність
A1: SKU | B1: Назва | C1: Надруковано всього, шт | D1: Брак всього, шт | E1: Продано на сайті, шт | F1: Видано як плюшка, шт | G1: Наявно зараз, шт
A2: =Номенклатура!A2 -> ПРИКЛАД-001 | B2: =IF(A2="","",Номенклатура!B2) -> Приклад розрахунку (ілюстративні цифри) | C2: =IF(A2="","",SUMIF('Друк-лог'!$B:$B,A2,'Друк-лог'!$C:$C)) -> 5 | D2: =IF(A2="","",SUMIF('Друк-лог'!$B:$B,A2,'Друк-лог'!$E:$E)) -> 1 | E2: =IF(A2="","",SUMIF(Продажі!$B:$B,A2,Продажі!$D:$D)) -> 1 | F2: =IF(A2="","",SUMIF(Маркетингові_плюшки!$B:$B,A2,Маркетингові_плюшки!$F:$F)) -> 1 | G2: =IF(A2="","",C2-D2-E2-F2) -> 2
A3: =Номенклатура!A3 -> (призначити SKU) | B3: =IF(A3="","",Номенклатура!B3) -> Фігурка Пікачу (сидить, стиль манги) | C3: =IF(A3="","",SUMIF('Друк-лог'!$B:$B,A3,'Друк-лог'!$C:$C)) -> 0 | D3: =IF(A3="","",SUMIF('Друк-лог'!$B:$B,A3,'Друк-лог'!$E:$E)) -> 0 | E3: =IF(A3="","",SUMIF(Продажі!$B:$B,A3,Продажі!$D:$D)) -> 0 | F3: =IF(A3="","",SUMIF(Маркетингові_плюшки!$B:$B,A3,Маркетингові_плюшки!$F:$F)) -> 0 | G3: =IF(A3="","",C3-D3-E3-F3) -> 0
A4: =Номенклатура!A4 -> (призначити SKU) | B4: =IF(A4="","",Номенклатура!B4) -> Фігурка Генгар | C4: =IF(A4="","",SUMIF('Друк-лог'!$B:$B,A4,'Друк-лог'!$C:$C)) -> 0 | D4: =IF(A4="","",SUMIF('Друк-лог'!$B:$B,A4,'Друк-лог'!$E:$E)) -> 0 | E4: =IF(A4="","",SUMIF(Продажі!$B:$B,A4,Продажі!$D:$D)) -> 0 | F4: =IF(A4="","",SUMIF(Маркетингові_плюшки!$B:$B,A4,Маркетингові_плюшки!$F:$F)) -> 0 | G4: =IF(A4="","",C4-D4-E4-F4) -> 0
A5: =Номенклатура!A5 -> (призначити SKU) | B5: =IF(A5="","",Номенклатура!B5) -> Кейс-покебол «Мяу» (Mew) з хвостом | C5: =IF(A5="","",SUMIF('Друк-лог'!$B:$B,A5,'Друк-лог'!$C:$C)) -> 0 | D5: =IF(A5="","",SUMIF('Друк-лог'!$B:$B,A5,'Друк-лог'!$E:$E)) -> 0 | E5: =IF(A5="","",SUMIF(Продажі!$B:$B,A5,Продажі!$D:$D)) -> 0 | F5: =IF(A5="","",SUMIF(Маркетингові_плюшки!$B:$B,A5,Маркетингові_плюшки!$F:$F)) -> 0 | G5: =IF(A5="","",C5-D5-E5-F5) -> 0
A6: =Номенклатура!A6 -> (призначити SKU) | B6: =IF(A6="","",Номенклатура!B6) -> Підставка-олівниця «Дітто» (Ditto) | C6: =IF(A6="","",SUMIF('Друк-лог'!$B:$B,A6,'Друк-лог'!$C:$C)) -> 0 | D6: =IF(A6="","",SUMIF('Друк-лог'!$B:$B,A6,'Друк-лог'!$E:$E)) -> 0 | E6: =IF(A6="","",SUMIF(Продажі!$B:$B,A6,Продажі!$D:$D)) -> 0 | F6: =IF(A6="","",SUMIF(Маркетингові_плюшки!$B:$B,A6,Маркетингові_плюшки!$F:$F)) -> 0 | G6: =IF(A6="","",C6-D6-E6-F6) -> 0
A7: =Номенклатура!A7 -> (призначити SKU) | B7: =IF(A7="","",Номенклатура!B7) -> Дек-бокс «Покебол» (набір кольорів) | C7: =IF(A7="","",SUMIF('Друк-лог'!$B:$B,A7,'Друк-лог'!$C:$C)) -> 0 | D7: =IF(A7="","",SUMIF('Друк-лог'!$B:$B,A7,'Друк-лог'!$E:$E)) -> 0 | E7: =IF(A7="","",SUMIF(Продажі!$B:$B,A7,Продажі!$D:$D)) -> 0 | F7: =IF(A7="","",SUMIF(Маркетингові_плюшки!$B:$B,A7,Маркетингові_плюшки!$F:$F)) -> 0 | G7: =IF(A7="","",C7-D7-E7-F7) -> 0
A8: =Номенклатура!A8 -> (призначити SKU) | B8: =IF(A8="","",Номенклатура!B8) -> Брелок/фігурка «Онікс» (Onix) | C8: =IF(A8="","",SUMIF('Друк-лог'!$B:$B,A8,'Друк-лог'!$C:$C)) -> 0 | D8: =IF(A8="","",SUMIF('Друк-лог'!$B:$B,A8,'Друк-лог'!$E:$E)) -> 0 | E8: =IF(A8="","",SUMIF(Продажі!$B:$B,A8,Продажі!$D:$D)) -> 0 | F8: =IF(A8="","",SUMIF(Маркетингові_плюшки!$B:$B,A8,Маркетингові_плюшки!$F:$F)) -> 0 | G8: =IF(A8="","",C8-D8-E8-F8) -> 0
A9: =Номенклатура!A9 -> (призначити SKU) | B9: =IF(A9="","",Номенклатура!B9) -> Фігурка Пікачу «крізь стіну» (декор) | C9: =IF(A9="","",SUMIF('Друк-лог'!$B:$B,A9,'Друк-лог'!$C:$C)) -> 0 | D9: =IF(A9="","",SUMIF('Друк-лог'!$B:$B,A9,'Друк-лог'!$E:$E)) -> 0 | E9: =IF(A9="","",SUMIF(Продажі!$B:$B,A9,Продажі!$D:$D)) -> 0 | F9: =IF(A9="","",SUMIF(Маркетингові_плюшки!$B:$B,A9,Маркетингові_плюшки!$F:$F)) -> 0 | G9: =IF(A9="","",C9-D9-E9-F9) -> 0
A10: =Номенклатура!A10 -> 0 | B10: =IF(A10="","",Номенклатура!B10) | C10: =IF(A10="","",SUMIF('Друк-лог'!$B:$B,A10,'Друк-лог'!$C:$C)) | D10: =IF(A10="","",SUMIF('Друк-лог'!$B:$B,A10,'Друк-лог'!$E:$E)) | E10: =IF(A10="","",SUMIF(Продажі!$B:$B,A10,Продажі!$D:$D)) | F10: =IF(A10="","",SUMIF(Маркетингові_плюшки!$B:$B,A10,Маркетингові_плюшки!$F:$F)) | G10: =IF(A10="","",C10-D10-E10-F10)
A11: =Номенклатура!A11 -> 0 | B11: =IF(A11="","",Номенклатура!B11) | C11: =IF(A11="","",SUMIF('Друк-лог'!$B:$B,A11,'Друк-лог'!$C:$C)) | D11: =IF(A11="","",SUMIF('Друк-лог'!$B:$B,A11,'Друк-лог'!$E:$E)) | E11: =IF(A11="","",SUMIF(Продажі!$B:$B,A11,Продажі!$D:$D)) | F11: =IF(A11="","",SUMIF(Маркетингові_плюшки!$B:$B,A11,Маркетингові_плюшки!$F:$F)) | G11: =IF(A11="","",C11-D11-E11-F11)
A12: =Номенклатура!A12 -> 0 | B12: =IF(A12="","",Номенклатура!B12) | C12: =IF(A12="","",SUMIF('Друк-лог'!$B:$B,A12,'Друк-лог'!$C:$C)) | D12: =IF(A12="","",SUMIF('Друк-лог'!$B:$B,A12,'Друк-лог'!$E:$E)) | E12: =IF(A12="","",SUMIF(Продажі!$B:$B,A12,Продажі!$D:$D)) | F12: =IF(A12="","",SUMIF(Маркетингові_плюшки!$B:$B,A12,Маркетингові_плюшки!$F:$F)) | G12: =IF(A12="","",C12-D12-E12-F12)
A13: =Номенклатура!A13 -> 0 | B13: =IF(A13="","",Номенклатура!B13) | C13: =IF(A13="","",SUMIF('Друк-лог'!$B:$B,A13,'Друк-лог'!$C:$C)) | D13: =IF(A13="","",SUMIF('Друк-лог'!$B:$B,A13,'Друк-лог'!$E:$E)) | E13: =IF(A13="","",SUMIF(Продажі!$B:$B,A13,Продажі!$D:$D)) | F13: =IF(A13="","",SUMIF(Маркетингові_плюшки!$B:$B,A13,Маркетингові_плюшки!$F:$F)) | G13: =IF(A13="","",C13-D13-E13-F13)
... A15: =Номенклатура!A15 -> 0 | B15: =IF(A15="","",Номенклатура!B15) | C15: =IF(A15="","",SUMIF('Друк-лог'!$B:$B,A15,'Друк-лог'!$C:$C)) | D15: =IF(A15="","",SUMIF('Друк-лог'!$B:$B,A15,'Друк-лог'!$E:$E)) | E15: =IF(A15="","",SUMIF(Продажі!$B:$B,A15,Продажі!$D:$D)) | F15: =IF(A15="","",SUMIF(Маркетингові_плюшки!$B:$B,A15,Маркетингові_плюшки!$F:$F)) | G15: =IF(A15="","",C15-D15-E15-F15)

Sheet Аналітика
A1: Маржа-калькулятор по SKU (сценарії РРЦ)
A3: SKU | B3: Назва | C3: Собівартість матеріалу, грн | D3: Час друку, год | E3: % Другу | F3: РРЦ Консервативний | G3: РРЦ Середній | H3: РРЦ Оптимістичний | I3: Маржа Консерв., грн | J3: Маржа Середня, грн | K3: Маржа Оптим., грн | L3: Маржа/год друку, грн
A4: =Номенклатура!A2 -> ПРИКЛАД-001 | B4: =IF(A4="","",Номенклатура!B2) -> Приклад розрахунку (ілюстративні цифри) | C4: =IF(A4="","",Номенклатура!K2) -> 84 | D4: =IF(A4="","",Номенклатура!G2) -> 4 | I4: =IF(OR(A4="",F4=""),"",F4-C4-F4*E4) | J4: =IF(OR(A4="",G4=""),"",G4-C4-G4*E4) | K4: =IF(OR(A4="",H4=""),"",H4-C4-H4*E4) | L4: =IF(OR(D4="",D4=0,J4=""),"",J4/D4)
A5: =Номенклатура!A3 -> (призначити SKU) | B5: =IF(A5="","",Номенклатура!B3) -> Фігурка Пікачу (сидить, стиль манги) | C5: =IF(A5="","",Номенклатура!K3) | D5: =IF(A5="","",Номенклатура!G3) -> 0 | I5: =IF(OR(A5="",F5=""),"",F5-C5-F5*E5) | J5: =IF(OR(A5="",G5=""),"",G5-C5-G5*E5) | K5: =IF(OR(A5="",H5=""),"",H5-C5-H5*E5) | L5: =IF(OR(D5="",D5=0,J5=""),"",J5/D5)
A6: =Номенклатура!A4 -> (призначити SKU) | B6: =IF(A6="","",Номенклатура!B4) -> Фігурка Генгар | C6: =IF(A6="","",Номенклатура!K4) | D6: =IF(A6="","",Номенклатура!G4) -> 0 | I6: =IF(OR(A6="",F6=""),"",F6-C6-F6*E6) | J6: =IF(OR(A6="",G6=""),"",G6-C6-G6*E6) | K6: =IF(OR(A6="",H6=""),"",H6-C6-H6*E6) | L6: =IF(OR(D6="",D6=0,J6=""),"",J6/D6)
A7: =Номенклатура!A5 -> (призначити SKU) | B7: =IF(A7="","",Номенклатура!B5) -> Кейс-покебол «Мяу» (Mew) з хвостом | C7: =IF(A7="","",Номенклатура!K5) | D7: =IF(A7="","",Номенклатура!G5) -> 0 | I7: =IF(OR(A7="",F7=""),"",F7-C7-F7*E7) | J7: =IF(OR(A7="",G7=""),"",G7-C7-G7*E7) | K7: =IF(OR(A7="",H7=""),"",H7-C7-H7*E7) | L7: =IF(OR(D7="",D7=0,J7=""),"",J7/D7)
A8: =Номенклатура!A6 -> (призначити SKU) | B8: =IF(A8="","",Номенклатура!B6) -> Підставка-олівниця «Дітто» (Ditto) | C8: =IF(A8="","",Номенклатура!K6) | D8: =IF(A8="","",Номенклатура!G6) -> 0 | I8: =IF(OR(A8="",F8=""),"",F8-C8-F8*E8) | J8: =IF(OR(A8="",G8=""),"",G8-C8-G8*E8) | K8: =IF(OR(A8="",H8=""),"",H8-C8-H8*E8) | L8: =IF(OR(D8="",D8=0,J8=""),"",J8/D8)
A9: =Номенклатура!A7 -> (призначити SKU) | B9: =IF(A9="","",Номенклатура!B7) -> Дек-бокс «Покебол» (набір кольорів) | C9: =IF(A9="","",Номенклатура!K7) | D9: =IF(A9="","",Номенклатура!G7) -> 0 | I9: =IF(OR(A9="",F9=""),"",F9-C9-F9*E9) | J9: =IF(OR(A9="",G9=""),"",G9-C9-G9*E9) | K9: =IF(OR(A9="",H9=""),"",H9-C9-H9*E9) | L9: =IF(OR(D9="",D9=0,J9=""),"",J9/D9)
A10: =Номенклатура!A8 -> (призначити SKU) | B10: =IF(A10="","",Номенклатура!B8) -> Брелок/фігурка «Онікс» (Onix) | C10: =IF(A10="","",Номенклатура!K8) | D10: =IF(A10="","",Номенклатура!G8) -> 0 | I10: =IF(OR(A10="",F10=""),"",F10-C10-F10*E10) | J10: =IF(OR(A10="",G10=""),"",G10-C10-G10*E10) | K10: =IF(OR(A10="",H10=""),"",H10-C10-H10*E10) | L10: =IF(OR(D10="",D10=0,J10=""),"",J10/D10)
A11: =Номенклатура!A9 -> (призначити SKU) | B11: =IF(A11="","",Номенклатура!B9) -> Фігурка Пікачу «крізь стіну» (декор) | C11: =IF(A11="","",Номенклатура!K9) | D11: =IF(A11="","",Номенклатура!G9) -> 0 | I11: =IF(OR(A11="",F11=""),"",F11-C11-F11*E11) | J11: =IF(OR(A11="",G11=""),"",G11-C11-G11*E11) | K11: =IF(OR(A11="",H11=""),"",H11-C11-H11*E11) | L11: =IF(OR(D11="",D11=0,J11=""),"",J11/D11)
A12: =Номенклатура!A10 -> 0 | B12: =IF(A12="","",Номенклатура!B10) | C12: =IF(A12="","",Номенклатура!K10) | D12: =IF(A12="","",Номенклатура!G10) | I12: =IF(OR(A12="",F12=""),"",F12-C12-F12*E12) | J12: =IF(OR(A12="",G12=""),"",G12-C12-G12*E12) | K12: =IF(OR(A12="",H12=""),"",H12-C12-H12*E12) | L12: =IF(OR(D12="",D12=0,J12=""),"",J12/D12)
A13: =Номенклатура!A11 -> 0 | B13: =IF(A13="","",Номенклатура!B11) | C13: =IF(A13="","",Номенклатура!K11) | D13: =IF(A13="","",Номенклатура!G11) | I13: =IF(OR(A13="",F13=""),"",F13-C13-F13*E13) | J13: =IF(OR(A13="",G13=""),"",G13-C13-G13*E13) | K13: =IF(OR(A13="",H13=""),"",H13-C13-H13*E13) | L13: =IF(OR(D13="",D13=0,J13=""),"",J13/D13)
A14: =Номенклатура!A12 -> 0 | B14: =IF(A14="","",Номенклатура!B12) | C14: =IF(A14="","",Номенклатура!K12) | D14: =IF(A14="","",Номенклатура!G12) | I14: =IF(OR(A14="",F14=""),"",F14-C14-F14*E14) | J14: =IF(OR(A14="",G14=""),"",G14-C14-G14*E14) | K14: =IF(OR(A14="",H14=""),"",H14-C14-H14*E14) | L14: =IF(OR(D14="",D14=0,J14=""),"",J14/D14)
A15: =Номенклатура!A13 -> 0 | B15: =IF(A15="","",Номенклатура!B13) | C15: =IF(A15="","",Номенклатура!K13) | D15: =IF(A15="","",Номенклатура!G13) | I15: =IF(OR(A15="",F15=""),"",F15-C15-F15*E15) | J15: =IF(OR(A15="",G15=""),"",G15-C15-G15*E15) | K15: =IF(OR(A15="",H15=""),"",H15-C15-H15*E15) | L15: =IF(OR(D15="",D15=0,J15=""),"",J15/D15)
... A17: =Номенклатура!A15 -> 0 | B17: =IF(A17="","",Номенклатура!B15) | C17: =IF(A17="","",Номенклатура!K15) | D17: =IF(A17="","",Номенклатура!G15) | I17: =IF(OR(A17="",F17=""),"",F17-C17-F17*E17) | J17: =IF(OR(A17="",G17=""),"",G17-C17-G17*E17) | K17: =IF(OR(A17="",H17=""),"",H17-C17-H17*E17) | L17: =IF(OR(D17="",D17=0,J17=""),"",J17/D17)
A19: Ринкові орієнтири (зовнішні дані)
A20: Лише 1 перевірений приклад станом на 2026-07-28 — недостатньо для встановлення РРЦ. Потрібно зібрати 10–15 порівнянних лотів (Etsy / Prom.ua / OLX) перед фінальним рішенням. Див. задачу 3D-P-003.
A21: Джерело | B21: Товар | C21: Ціна | D21: Валюта | E21: Дата перевірки | F21: Посилання / примітка
A22: Etsy | B22: 3D Printed Mimikyu Pokémon Figurine, hand painted | C22: 27.5 | D22: USD | E22: 2026-07-28 | F22: etsy.com/listing/1294929392 — 1 приклад, конвертація в грн за поточним курсом на дату перегляду
